canal,video_id,titulo_do_video,texto,likes,data,tipo_pela_regra
Excelência,qq_juH1TXQk,6 hábitos minimalistas para NUNCA mais ficar SEM DINHEIRO | O Segredo do Sucesso,Eu não pago pra impressionar ninguém,2,2026-10-03,eco da frase pedida
Excelência,qq_juH1TXQk,6 hábitos minimalistas para NUNCA mais ficar SEM DINHEIRO | O Segredo do Sucesso,Eu preciso eliminar a falsa conveniência,1,2026-10-05,outro
Excelência,qq_juH1TXQk,6 hábitos minimalistas para NUNCA mais ficar SEM DINHEIRO | O Segredo do Sucesso,Eu não pago para impressionar ninguem,2,2026-10-05,eco da frase pedida
Excelência,qq_juH1TXQk,6 hábitos minimalistas para NUNCA mais ficar SEM DINHEIRO | O Segredo do Sucesso,Eu não pago para imprecisonar,2,2026-10-05,eco da frase pedida
Excelência,qq_juH1TXQk,6 hábitos minimalistas para NUNCA mais ficar SEM DINHEIRO | O Segredo do Sucesso,Eternidade>Salário>Despesas 💌🧠👁️,0,2026-10-05,outro
Excelência,qq_juH1TXQk,6 hábitos minimalistas para NUNCA mais ficar SEM DINHEIRO | O Segredo do Sucesso,Eu não pago pra impressionar ninguém,0,2026-10-05,eco da frase pedida
Excelência,qq_juH1TXQk,6 hábitos minimalistas para NUNCA mais ficar SEM DINHEIRO | O Segredo do Sucesso,Eu n̈ao pago para ímpressionar nínguem,1,2026-10-05,eco da frase pedida
Excelência,qq_juH1TXQk,6 hábitos minimalistas para NUNCA mais ficar SEM DINHEIRO | O Segredo do Sucesso,Rumo a independência financeira em nome de Jesus Cristo Salvador 🙏🙏🙏🙏,1,2026-10-06,outro
Excelência,qq_juH1TXQk,6 hábitos minimalistas para NUNCA mais ficar SEM DINHEIRO | O Segredo do Sucesso,Eu não pago impressiono ninguém,1,2026-10-06,eco da frase pedida
Excelência,qq_juH1TXQk,6 hábitos minimalistas para NUNCA mais ficar SEM DINHEIRO | O Segredo do Sucesso,a tosse foi fantástica !,0,2026-10-06,outro
Excelência,qq_juH1TXQk,6 hábitos minimalistas para NUNCA mais ficar SEM DINHEIRO | O Segredo do Sucesso,Eu não pago pra impressionar ninguém,0,2026-10-06,eco da frase pedida
Excelência,qq_juH1TXQk,6 hábitos minimalistas para NUNCA mais ficar SEM DINHEIRO | O Segredo do Sucesso,Eu não pago para emprencionar ninguém,0,2026-10-06,eco da frase pedida
Excelência,qq_juH1TXQk,6 hábitos minimalistas para NUNCA mais ficar SEM DINHEIRO | O Segredo do Sucesso,"importante é meus objetivos,serem alcançados,fico feliz.",2,2026-10-07,outro
Excelência,qq_juH1TXQk,6 hábitos minimalistas para NUNCA mais ficar SEM DINHEIRO | O Segredo do Sucesso,Hoje em dia eu aprendi a guardar meu dinheiro 🙏🙏🙏,0,2026-10-07,outro
Excelência,qq_juH1TXQk,6 hábitos minimalistas para NUNCA mais ficar SEM DINHEIRO | O Segredo do Sucesso,Eu não pago pra impressionar ninguém,0,2026-10-07,eco da frase pedida
Excelência,MbhbCp4_YZg,7 Formas de Falar Que Farão Você Se Comunicar Como Um Gênio | Domine a Comunicação Persuasiva,Minha palavra tem peso,0,2026-10-02,eco da frase pedida
Excelência,MbhbCp4_YZg,7 Formas de Falar Que Farão Você Se Comunicar Como Um Gênio | Domine a Comunicação Persuasiva,Minha palavra tem peso,1,2026-10-03,eco da frase pedida
Excelência,MbhbCp4_YZg,7 Formas de Falar Que Farão Você Se Comunicar Como Um Gênio | Domine a Comunicação Persuasiva,Minha palavra tem peso,0,2026-10-04,eco da frase pedida
Excelência,MbhbCp4_YZg,7 Formas de Falar Que Farão Você Se Comunicar Como Um Gênio | Domine a Comunicação Persuasiva,Minha palavra tem peso,0,2026-10-04,eco da frase pedida
Excelência,MlHQpgrfIpo,A Mentalidade Que Faz Qualquer Pessoa Enriquecer Mais Rápido | Mentalidade de Sucesso,Eu decido prosperar,1,2026-10-02,eco da frase pedida
Excelência,MlHQpgrfIpo,A Mentalidade Que Faz Qualquer Pessoa Enriquecer Mais Rápido | Mentalidade de Sucesso,😀,0,2026-10-02,outro
Excelência,MlHQpgrfIpo,A Mentalidade Que Faz Qualquer Pessoa Enriquecer Mais Rápido | Mentalidade de Sucesso,Eu decido prosperar e transformar a minha história 🙏,2,2026-10-02,eco da frase pedida
Excelência,MlHQpgrfIpo,A Mentalidade Que Faz Qualquer Pessoa Enriquecer Mais Rápido | Mentalidade de Sucesso,Como valer mais?,1,2026-10-02,outro
Excelência,MlHQpgrfIpo,A Mentalidade Que Faz Qualquer Pessoa Enriquecer Mais Rápido | Mentalidade de Sucesso,Eu preciso de prosperar e transformar a minha história,0,2026-10-02,outro
Excelência,MlHQpgrfIpo,A Mentalidade Que Faz Qualquer Pessoa Enriquecer Mais Rápido | Mentalidade de Sucesso,Eu quero aprender a prosperar minha história,0,2026-10-03,outro
Excelência,MlHQpgrfIpo,A Mentalidade Que Faz Qualquer Pessoa Enriquecer Mais Rápido | Mentalidade de Sucesso,'Nós não podemos mudar as situações do dia a dia... mas podemos mudar o jeito em como reagimos a elas!',1,2026-10-04,outro
Excelência,MlHQpgrfIpo,A Mentalidade Que Faz Qualquer Pessoa Enriquecer Mais Rápido | Mentalidade de Sucesso,Eu decido prosperar e transformar a minha história,0,2026-10-05,eco da frase pedida
Excelência,MlHQpgrfIpo,A Mentalidade Que Faz Qualquer Pessoa Enriquecer Mais Rápido | Mentalidade de Sucesso,Eu decido prosperar e melhorar a minha condição financeira,0,2026-10-05,eco da frase pedida
Excelência,MlHQpgrfIpo,A Mentalidade Que Faz Qualquer Pessoa Enriquecer Mais Rápido | Mentalidade de Sucesso,Eu descido prosperar e transformar minha história!,0,2026-10-05,outro
Excelência,MlHQpgrfIpo,A Mentalidade Que Faz Qualquer Pessoa Enriquecer Mais Rápido | Mentalidade de Sucesso,Eu decido prosperar e transformar a minha história,0,2026-10-06,eco da frase pedida
Excelência,MlHQpgrfIpo,A Mentalidade Que Faz Qualquer Pessoa Enriquecer Mais Rápido | Mentalidade de Sucesso,A prática é diferente,0,2026-10-06,outro
Excelência,MlHQpgrfIpo,A Mentalidade Que Faz Qualquer Pessoa Enriquecer Mais Rápido | Mentalidade de Sucesso,Eu decido prósperar é trasfomar Minha Estória,0,2026-10-06,eco da frase pedida
Excelência,MlHQpgrfIpo,A Mentalidade Que Faz Qualquer Pessoa Enriquecer Mais Rápido | Mentalidade de Sucesso,Eu decido prosperar e transformar a minha história,0,2026-10-07,eco da frase pedida
Excelência,MlHQpgrfIpo,A Mentalidade Que Faz Qualquer Pessoa Enriquecer Mais Rápido | Mentalidade de Sucesso,Eu decido prosperar e mudar minha vida!,1,2026-10-07,eco da frase pedida
Excelência,Ul3y6t1oyxc,Chame o Dinheiro Pelo Nome e Veja Ele Te Obedecer | O Segredo do Sucesso,Eu determino o destino do meu dinheiro.,1,2026-10-02,eco da frase pedida
Excelência,Ul3y6t1oyxc,Chame o Dinheiro Pelo Nome e Veja Ele Te Obedecer | O Segredo do Sucesso,"Eu determino o destino do meu dinheiro. Meu dinheiro abençoado, sinto muito,me perdoe sou grata, eu te ❤.!!",3,2026-10-02,eco da frase pedida
Excelência,Ul3y6t1oyxc,Chame o Dinheiro Pelo Nome e Veja Ele Te Obedecer | O Segredo do Sucesso,Eu determino onde e o que o meu dinheiro vai e faz.,0,2026-10-02,eco da frase pedida
Excelência,Ul3y6t1oyxc,Chame o Dinheiro Pelo Nome e Veja Ele Te Obedecer | O Segredo do Sucesso,Eu determino o destino do meu dinheiro.,0,2026-10-02,eco da frase pedida
Excelência,Ul3y6t1oyxc,Chame o Dinheiro Pelo Nome e Veja Ele Te Obedecer | O Segredo do Sucesso,Eu determinou destino do meu dinheiro,0,2026-10-03,eco da frase pedida
Excelência,Ul3y6t1oyxc,Chame o Dinheiro Pelo Nome e Veja Ele Te Obedecer | O Segredo do Sucesso,Eu determino o destino do meu dinheiro,0,2026-10-03,eco da frase pedida
Excelência,Ul3y6t1oyxc,Chame o Dinheiro Pelo Nome e Veja Ele Te Obedecer | O Segredo do Sucesso,Eu determino o destino do meu dinheiro,0,2026-10-03,eco da frase pedida
Excelência,Ul3y6t1oyxc,Chame o Dinheiro Pelo Nome e Veja Ele Te Obedecer | O Segredo do Sucesso,Eu determino o destino do meu dinheiro!,0,2026-10-03,eco da frase pedida
Excelência,Ul3y6t1oyxc,Chame o Dinheiro Pelo Nome e Veja Ele Te Obedecer | O Segredo do Sucesso,Eu determino o destino do meu dinheiro,0,2026-10-04,eco da frase pedida
Excelência,Ul3y6t1oyxc,Chame o Dinheiro Pelo Nome e Veja Ele Te Obedecer | O Segredo do Sucesso,Eu determino o destino do meu dinheiro,0,2026-10-04,eco da frase pedida
Excelência,Ul3y6t1oyxc,Chame o Dinheiro Pelo Nome e Veja Ele Te Obedecer | O Segredo do Sucesso,"Eu determino o destino do meu dinheiro! Meu dinheiro abençoado sinto muito por favor me perdoe, eu sou grata por você fazer parte da minha vida vida, eu te amo.",0,2026-10-04,eco da frase pedida
Excelência,Ul3y6t1oyxc,Chame o Dinheiro Pelo Nome e Veja Ele Te Obedecer | O Segredo do Sucesso,Eu determino o destino do meu dinheiro!,1,2026-10-04,eco da frase pedida
Excelência,Ul3y6t1oyxc,Chame o Dinheiro Pelo Nome e Veja Ele Te Obedecer | O Segredo do Sucesso,Eu determino o destino do meu dinheiro,0,2026-10-05,eco da frase pedida
Excelência,Ul3y6t1oyxc,Chame o Dinheiro Pelo Nome e Veja Ele Te Obedecer | O Segredo do Sucesso,Eu determino o destino do meu dinheiro.,0,2026-10-05,eco da frase pedida
Excelência,Ul3y6t1oyxc,Chame o Dinheiro Pelo Nome e Veja Ele Te Obedecer | O Segredo do Sucesso,Eu determino o meu dinheiro abençoado,0,2026-10-06,outro
Excelência,Ul3y6t1oyxc,Chame o Dinheiro Pelo Nome e Veja Ele Te Obedecer | O Segredo do Sucesso,VALEU MESMO,0,2026-10-06,outro
Excelência,Ul3y6t1oyxc,Chame o Dinheiro Pelo Nome e Veja Ele Te Obedecer | O Segredo do Sucesso,O meu dinheiro tem destino certo ser bem aplicado em ativos,0,2026-10-07,outro
Excelência,Ul3y6t1oyxc,Chame o Dinheiro Pelo Nome e Veja Ele Te Obedecer | O Segredo do Sucesso,Eu agora determino destino do meu dinheiro !,1,2026-10-07,eco da frase pedida
Excelência,y9XESz6BpWE,Como Ensinar a Mente a Acreditar e Conquistar Tudo o Que Deseja | Brian Tracy,Eu sou a direção eu sou quem decide minha realidade,1,2026-10-06,outro
Excelência,4OtPWseqc2U,Como os Milionários Atraem Tudo o Que Desejam | 7 Segredos Que Eles Nunca Contam,Eu assumo o meu padrão!!!!,0,2026-10-06,outro
Excelência,ZdKasq6erbg,Esse é o SEGREDO de Quem NUNCA Procrastina | Brian Tracy,Eu termino o que começo!!!,0,2026-10-01,eco da frase pedida
Excelência,ZdKasq6erbg,Esse é o SEGREDO de Quem NUNCA Procrastina | Brian Tracy,"O que falta aqui, qualidade ou coragem para encerrar ?",0,2026-10-01,outro
Excelência,ZdKasq6erbg,Esse é o SEGREDO de Quem NUNCA Procrastina | Brian Tracy,Eu termino o que começo.,1,2026-10-03,eco da frase pedida
Excelência,ZdKasq6erbg,Esse é o SEGREDO de Quem NUNCA Procrastina | Brian Tracy,Eu termino o que começo…,0,2026-10-06,eco da frase pedida
Excelência,ZdKasq6erbg,Esse é o SEGREDO de Quem NUNCA Procrastina | Brian Tracy,Eu termino 9 que começa.,0,2026-10-06,eco da frase pedida
Excelência,ZdKasq6erbg,Esse é o SEGREDO de Quem NUNCA Procrastina | Brian Tracy,"Eu, termino agora, o que eu começo.",0,2026-10-06,eco da frase pedida
Excelência,ZdKasq6erbg,Esse é o SEGREDO de Quem NUNCA Procrastina | Brian Tracy,Eu termino o que começo,0,2026-10-06,eco da frase pedida
Excelência,ZdKasq6erbg,Esse é o SEGREDO de Quem NUNCA Procrastina | Brian Tracy,Eu não termino o que começo. Vou mudar,0,2026-10-07,eco da frase pedida
Excelência,ZdKasq6erbg,Esse é o SEGREDO de Quem NUNCA Procrastina | Brian Tracy,EU TERMINO O QUE EU COMEÇO!😊,0,2026-10-07,eco da frase pedida
Excelência,O0nUO-iHaY0,Faça Sua Mente Te Obedecer e ASSUMA o Controle da Sua Vida | Brian Tracy,Assumo o comando da minha mente.,0,2026-10-03,eco da frase pedida
Excelência,O0nUO-iHaY0,Faça Sua Mente Te Obedecer e ASSUMA o Controle da Sua Vida | Brian Tracy,Eu asumo o comando de minha mente,0,2026-10-04,outro
Excelência,O0nUO-iHaY0,Faça Sua Mente Te Obedecer e ASSUMA o Controle da Sua Vida | Brian Tracy,Eu assumo o comando da minha mente.,0,2026-10-05,eco da frase pedida
Excelência,O0nUO-iHaY0,Faça Sua Mente Te Obedecer e ASSUMA o Controle da Sua Vida | Brian Tracy,Deus é Fiel,0,2026-10-06,outro
Excelência,O0nUO-iHaY0,Faça Sua Mente Te Obedecer e ASSUMA o Controle da Sua Vida | Brian Tracy,Deus é Fiel,0,2026-10-06,outro
Excelência,1M4it0WhSOw,Force a Sua Mente a Pensar Como um Verdadeiro Milionário | Brian Tracy,💫✈️🥇👑,0,2026-10-02,outro
Excelência,fBETNFaH5m4,ISSO Vai Chegar 1 Dia Antes da Melhor Fase da Sua Vida | Brian Tracy,Joia,1,2026-10-03,outro
Excelência,fBETNFaH5m4,ISSO Vai Chegar 1 Dia Antes da Melhor Fase da Sua Vida | Brian Tracy,Gratidão ❤,0,2026-10-03,outro
Excelência,wPFe66OZfhA,O Dinheiro EXPLICADO Como NUNCA Antes: Entenda ISSO e Será Bem Sucedido,Eu governo meu tempo e construo meu valor.,0,2026-10-03,eco da frase pedida
Excelência,wPFe66OZfhA,O Dinheiro EXPLICADO Como NUNCA Antes: Entenda ISSO e Será Bem Sucedido,Eu governo o meu tempo e construo meu valor,0,2026-10-03,eco da frase pedida
Excelência,wPFe66OZfhA,O Dinheiro EXPLICADO Como NUNCA Antes: Entenda ISSO e Será Bem Sucedido,Eu governo meu tempo e construo meu valor.,0,2026-10-05,eco da frase pedida
Excelência,wPFe66OZfhA,O Dinheiro EXPLICADO Como NUNCA Antes: Entenda ISSO e Será Bem Sucedido,"No mundo não há nada por acaso, muito menos na política e na fama. O motivo ainda não sei, mas acidente não foi, pois coincidência não existe.",0,2026-10-06,outro
Excelência,wPFe66OZfhA,O Dinheiro EXPLICADO Como NUNCA Antes: Entenda ISSO e Será Bem Sucedido,Eu governo o meu tempo e contruo o meu valor!,0,2026-10-06,eco da frase pedida
Excelência,wPFe66OZfhA,O Dinheiro EXPLICADO Como NUNCA Antes: Entenda ISSO e Será Bem Sucedido,Eu governo meu tempo e construo o meu valor!!!,0,2026-10-07,eco da frase pedida
Excelência,CZF5LhPlzyM,O Poder Do Hábito: Você Só Precisa de 33 Dias Para Mudar a Sua Vida | O Segredo do Sucesso,eu sustento os 33 dias,1,2026-10-03,outro
Excelência,BIuVVPreqcI,O Poder de NÃO REAGIR – Aja Como Se Nada Te Afetasse e Veja Como Tudo Muda | Brian Tracy,"A minha paz é blindada , e meu foco é inegociável",0,2026-10-05,outro
Excelência,oXF0mYwH-kg,"O Segredo do SUCESSO Não é Trabalhar Muito, Mas Pensar DIFERENTE | Brian Tracy",oloco em quanta sabedoria,0,2026-10-02,outro
Excelência,oXF0mYwH-kg,"O Segredo do SUCESSO Não é Trabalhar Muito, Mas Pensar DIFERENTE | Brian Tracy",8:57 .,0,2026-10-06,outro
Excelência,oXF0mYwH-kg,"O Segredo do SUCESSO Não é Trabalhar Muito, Mas Pensar DIFERENTE | Brian Tracy",Eu penso com clareza e decido meu futuro,0,2026-10-07,outro
Excelência,BPiD2pum33Q,"Se Você Só Puder Assistir 1 Vídeo Sobre Sucesso, VEJA esse!",Eu assumo a causa dos meus resultados,1,2026-10-06,outro
Excelência,9tgT3l3S_8o,Vicie em Realizar Suas Metas e Mude a Sua Vida Para Sempre | Mentalidade Vencedora,Eu decidi minha prioridade,1,2026-10-04,eco da frase pedida
Excelência,9tgT3l3S_8o,Vicie em Realizar Suas Metas e Mude a Sua Vida Para Sempre | Mentalidade Vencedora,EU DECIDI MINHA PRIORIDADE,0,2026-10-04,eco da frase pedida
Excelência,9tgT3l3S_8o,Vicie em Realizar Suas Metas e Mude a Sua Vida Para Sempre | Mentalidade Vencedora,Eu decidi minha prioridade,0,2026-10-05,eco da frase pedida
Excelência,9tgT3l3S_8o,Vicie em Realizar Suas Metas e Mude a Sua Vida Para Sempre | Mentalidade Vencedora,Eu decidi minha prioridade,0,2026-10-05,eco da frase pedida
Excelência,9tgT3l3S_8o,Vicie em Realizar Suas Metas e Mude a Sua Vida Para Sempre | Mentalidade Vencedora,Muito bom em,0,2026-10-05,outro
Excelência,9tgT3l3S_8o,Vicie em Realizar Suas Metas e Mude a Sua Vida Para Sempre | Mentalidade Vencedora,Eu decidi minha prioridade,0,2026-10-05,eco da frase pedida
Excelência,9tgT3l3S_8o,Vicie em Realizar Suas Metas e Mude a Sua Vida Para Sempre | Mentalidade Vencedora,EU DECIDI MINHA PRIORIDADE,1,2026-10-05,eco da frase pedida
Excelência,9tgT3l3S_8o,Vicie em Realizar Suas Metas e Mude a Sua Vida Para Sempre | Mentalidade Vencedora,Eu mando em minha vida!,0,2026-10-05,outro
Excelência,9tgT3l3S_8o,Vicie em Realizar Suas Metas e Mude a Sua Vida Para Sempre | Mentalidade Vencedora,Eu decidi minha prioridade,0,2026-10-05,eco da frase pedida
Excelência,9tgT3l3S_8o,Vicie em Realizar Suas Metas e Mude a Sua Vida Para Sempre | Mentalidade Vencedora,Meta,0,2026-10-07,outro
Excelência,9tgT3l3S_8o,Vicie em Realizar Suas Metas e Mude a Sua Vida Para Sempre | Mentalidade Vencedora,Eu decide minha prioridade,0,2026-10-07,eco da frase pedida
Excelência,9tgT3l3S_8o,Vicie em Realizar Suas Metas e Mude a Sua Vida Para Sempre | Mentalidade Vencedora,Eu decidir a minha prioridade.,0,2026-10-07,eco da frase pedida
Excelência,9tgT3l3S_8o,Vicie em Realizar Suas Metas e Mude a Sua Vida Para Sempre | Mentalidade Vencedora,Eu decidi minha prioridade 🚀,0,2026-10-07,eco da frase pedida
Excelência,dkKcR4yi7Mg,É Hora de Largar as Distrações e Se Viciar em Se Tornar Milionário | 7 Hábitos Para o Sucesso,Consome menos pra criar mais.,1,2026-10-03,outro
Excelência,dkKcR4yi7Mg,É Hora de Largar as Distrações e Se Viciar em Se Tornar Milionário | 7 Hábitos Para o Sucesso,EU DOU DIREÇÃO AO MEU DIA. Gratidão pelo conteúdo do vídeo!!! ✨🙏🏾✨,1,2026-10-04,outro
Excelência,dkKcR4yi7Mg,É Hora de Largar as Distrações e Se Viciar em Se Tornar Milionário | 7 Hábitos Para o Sucesso,Quero ficar rico rápido e fácil,0,2026-10-05,outro
Excelência,dkKcR4yi7Mg,É Hora de Largar as Distrações e Se Viciar em Se Tornar Milionário | 7 Hábitos Para o Sucesso,Sou muito grato a Bryan Tracy! Cada vez que o ouço o meu universo se expande... Gratidão eterna!,0,2026-10-07,outro
Vibração,Z-q5Lg1hN-Y,7 Segredos Para Alinhar a Sua Mente Com Tudo o Que Você Deseja Atrair | Bob Proctor,Eu assumo o controle da minha mente e vivo a frequência da prosperidade.,0,2026-09-30,eco da frase pedida
Vibração,Z-q5Lg1hN-Y,7 Segredos Para Alinhar a Sua Mente Com Tudo o Que Você Deseja Atrair | Bob Proctor,Eu assumo o controle da minha mente e vivo na frequência da prosperidade 🙌🏾,1,2026-09-30,eco da frase pedida
Vibração,Z-q5Lg1hN-Y,7 Segredos Para Alinhar a Sua Mente Com Tudo o Que Você Deseja Atrair | Bob Proctor,Eu assumo o comando da minha mente e sigo o caminho da prosperidade.,0,2026-10-01,eco da frase pedida
Vibração,Z-q5Lg1hN-Y,7 Segredos Para Alinhar a Sua Mente Com Tudo o Que Você Deseja Atrair | Bob Proctor,Eu assumo o controle da minha mente e vivo na frequência da prosperidade. ❤,0,2026-10-01,eco da frase pedida
Vibração,Z-q5Lg1hN-Y,7 Segredos Para Alinhar a Sua Mente Com Tudo o Que Você Deseja Atrair | Bob Proctor,Eu assumo o controle da minha mente e vivo no frequência da prosperidade 🙏🏼,0,2026-10-01,eco da frase pedida
Vibração,Z-q5Lg1hN-Y,7 Segredos Para Alinhar a Sua Mente Com Tudo o Que Você Deseja Atrair | Bob Proctor,Eu assumo o contrôle da minha vida,0,2026-10-01,eco da frase pedida
Vibração,Z-q5Lg1hN-Y,7 Segredos Para Alinhar a Sua Mente Com Tudo o Que Você Deseja Atrair | Bob Proctor,Eu assumo o controle da minha mente e vibro na frequência da prosperidade,0,2026-10-02,eco da frase pedida
Vibração,Z-q5Lg1hN-Y,7 Segredos Para Alinhar a Sua Mente Com Tudo o Que Você Deseja Atrair | Bob Proctor,Eu assumo o comando da minha mente e sigo o caminho da prosperidade 🙏,0,2026-10-02,eco da frase pedida
Vibração,Z-q5Lg1hN-Y,7 Segredos Para Alinhar a Sua Mente Com Tudo o Que Você Deseja Atrair | Bob Proctor,eu assumo o comando da minha mente e sigo o caminho da prosperidade,0,2026-10-02,eco da frase pedida
Vibração,Z-q5Lg1hN-Y,7 Segredos Para Alinhar a Sua Mente Com Tudo o Que Você Deseja Atrair | Bob Proctor,Eu sou próspero,0,2026-10-02,eco da frase pedida
Vibração,Z-q5Lg1hN-Y,7 Segredos Para Alinhar a Sua Mente Com Tudo o Que Você Deseja Atrair | Bob Proctor,Eu assumo o controle da minha mente e vivo na frequência da prosperidade,0,2026-10-02,eco da frase pedida
Vibração,Z-q5Lg1hN-Y,7 Segredos Para Alinhar a Sua Mente Com Tudo o Que Você Deseja Atrair | Bob Proctor,Eu assumo o poder da minha mente,0,2026-10-02,eco da frase pedida
Vibração,Z-q5Lg1hN-Y,7 Segredos Para Alinhar a Sua Mente Com Tudo o Que Você Deseja Atrair | Bob Proctor,Eu assumo o controle da minha mente vivo na frequência da abundância e da prosperidade. ❤❤❤,0,2026-10-03,eco da frase pedida
Vibração,Z-q5Lg1hN-Y,7 Segredos Para Alinhar a Sua Mente Com Tudo o Que Você Deseja Atrair | Bob Proctor,Eu assumo o controle da minha mente e vivo na frequência da prosperidade,0,2026-10-03,eco da frase pedida
Vibração,Z-q5Lg1hN-Y,7 Segredos Para Alinhar a Sua Mente Com Tudo o Que Você Deseja Atrair | Bob Proctor,Eu assumo o controle da minha mente e vivo na frequência da prosperidade,0,2026-10-04,eco da frase pedida
Vibração,Z-q5Lg1hN-Y,7 Segredos Para Alinhar a Sua Mente Com Tudo o Que Você Deseja Atrair | Bob Proctor,🕉️⚛️🔯Eu assumo o comando da minha mente e sigo no caminho da prosperidade💰💰💰 💓😀✨,0,2026-10-04,eco da frase pedida
Vibração,Z-q5Lg1hN-Y,7 Segredos Para Alinhar a Sua Mente Com Tudo o Que Você Deseja Atrair | Bob Proctor,Eu assumo o controle da minha mente e vivo na frequência da prosperidade.,0,2026-10-04,eco da frase pedida
Vibração,Z-q5Lg1hN-Y,7 Segredos Para Alinhar a Sua Mente Com Tudo o Que Você Deseja Atrair | Bob Proctor,Eu assumo o poder de minha mente $$$$$$,0,2026-10-05,eco da frase pedida
Vibração,Z-q5Lg1hN-Y,7 Segredos Para Alinhar a Sua Mente Com Tudo o Que Você Deseja Atrair | Bob Proctor,EU assumo o controle da minha mente e vivo na frequência da prosperidade 🖐️🖐️🖐️🙏 gratidão 🥰,0,2026-10-05,eco da frase pedida
Vibração,Z-q5Lg1hN-Y,7 Segredos Para Alinhar a Sua Mente Com Tudo o Que Você Deseja Atrair | Bob Proctor,Eu assumo o controle da minha mente. ♡,0,2026-10-05,eco da frase pedida
Vibração,Z-q5Lg1hN-Y,7 Segredos Para Alinhar a Sua Mente Com Tudo o Que Você Deseja Atrair | Bob Proctor,Eu assumo o controle da minha mente,0,2026-10-06,eco da frase pedida
Vibração,Z-q5Lg1hN-Y,7 Segredos Para Alinhar a Sua Mente Com Tudo o Que Você Deseja Atrair | Bob Proctor,"Eu assumo o controle da minha mente e vivo na frequência da abundância e da prosperidade, está feito, assim é, está consumado em no e de Jesus, Amém ❤❤❤❤",0,2026-10-06,eco da frase pedida
Vibração,Z-q5Lg1hN-Y,7 Segredos Para Alinhar a Sua Mente Com Tudo o Que Você Deseja Atrair | Bob Proctor,Eu aprendi muito com o saudoso Bob Proctor em 2006 sou muito grata a ele por essa expansão de consciência e pela pessoa que eu me tornei. Gratidão em primeiro lugar a Deus segundo lugar Bob Proctor,0,2026-10-07,outro
Vibração,Z-q5Lg1hN-Y,7 Segredos Para Alinhar a Sua Mente Com Tudo o Que Você Deseja Atrair | Bob Proctor,Eu assumo controle da minha mente,0,2026-10-07,eco da frase pedida
Vibração,rVd5EPzvjms,As 11 Leis do Universo Que Multiplicam o Seu Dinheiro Como Nunca Antes | Bob Proctor,Eu sou a Força do Meu Valor e Mereço Prosperar !,0,2026-10-01,eco da frase pedida
Vibração,rVd5EPzvjms,As 11 Leis do Universo Que Multiplicam o Seu Dinheiro Como Nunca Antes | Bob Proctor,"Eu sou a fonte do meu valor , mereço prosperar",0,2026-10-01,eco da frase pedida
Vibração,rVd5EPzvjms,As 11 Leis do Universo Que Multiplicam o Seu Dinheiro Como Nunca Antes | Bob Proctor,EU SOU a Forca do Meu valor e Mereco Prosperar!!! EU SOU Fonte de Abundancia!!!Gratidao Infinita e Eterna!!!,0,2026-10-01,eco da frase pedida
Vibração,rVd5EPzvjms,As 11 Leis do Universo Que Multiplicam o Seu Dinheiro Como Nunca Antes | Bob Proctor,"Eu sou a força do meu valor, mereço prosperar!",2,2026-10-01,eco da frase pedida
Vibração,rVd5EPzvjms,As 11 Leis do Universo Que Multiplicam o Seu Dinheiro Como Nunca Antes | Bob Proctor,Eu mereço prosperar,0,2026-10-01,eco da frase pedida
Vibração,rVd5EPzvjms,As 11 Leis do Universo Que Multiplicam o Seu Dinheiro Como Nunca Antes | Bob Proctor,Eu sou maravilhosa!,0,2026-10-01,outro
Vibração,rVd5EPzvjms,As 11 Leis do Universo Que Multiplicam o Seu Dinheiro Como Nunca Antes | Bob Proctor,Estou agindo,1,2026-10-01,outro
Vibração,rVd5EPzvjms,As 11 Leis do Universo Que Multiplicam o Seu Dinheiro Como Nunca Antes | Bob Proctor,Eu sou a fonte do meu valor e mereço prosperar Amém 🙏🏾,1,2026-10-02,eco da frase pedida
Vibração,rVd5EPzvjms,As 11 Leis do Universo Que Multiplicam o Seu Dinheiro Como Nunca Antes | Bob Proctor,Eu sou uma máquina do meu valor e vou prosperar 💪💪💪💪🚀🚀🚀,0,2026-10-02,eco da frase pedida
Vibração,rVd5EPzvjms,As 11 Leis do Universo Que Multiplicam o Seu Dinheiro Como Nunca Antes | Bob Proctor,"Eu sou a força do meu valor , mereço prosperar ❤❤❤❤❤😊😅😅😅",0,2026-10-02,eco da frase pedida
Vibração,rVd5EPzvjms,As 11 Leis do Universo Que Multiplicam o Seu Dinheiro Como Nunca Antes | Bob Proctor,"Eu sou a fonte do meu valor, mereço prosperar.",0,2026-10-02,eco da frase pedida
Vibração,rVd5EPzvjms,As 11 Leis do Universo Que Multiplicam o Seu Dinheiro Como Nunca Antes | Bob Proctor,"Eu sou a fonte do meu valor, e mereço prosperar",0,2026-10-02,eco da frase pedida
Vibração,rVd5EPzvjms,As 11 Leis do Universo Que Multiplicam o Seu Dinheiro Como Nunca Antes | Bob Proctor,eu sou força,0,2026-10-02,outro
Vibração,rVd5EPzvjms,As 11 Leis do Universo Que Multiplicam o Seu Dinheiro Como Nunca Antes | Bob Proctor,Eu sou a fonte do meu valor e mereço prosperar.,0,2026-10-03,eco da frase pedida
Vibração,rVd5EPzvjms,As 11 Leis do Universo Que Multiplicam o Seu Dinheiro Como Nunca Antes | Bob Proctor,"EU SOU A FONTE DO MEU VALOR, CREIO QUE TODO DINHEIRO QUE ME PERTENCE ESTAR VINDO ATE A MIM AGORA , HOJE E SEMPRE",2,2026-10-03,eco da frase pedida
Vibração,rVd5EPzvjms,As 11 Leis do Universo Que Multiplicam o Seu Dinheiro Como Nunca Antes | Bob Proctor,"Estou pronta para receber toda prosperidade que Deus nos da ,pq somos filhos do Rei ,dono do ouro e da prata",1,2026-10-03,outro
Vibração,rVd5EPzvjms,As 11 Leis do Universo Que Multiplicam o Seu Dinheiro Como Nunca Antes | Bob Proctor,Eu sou a fonte do meu valor e mereço prosperar,0,2026-10-03,eco da frase pedida
Vibração,rVd5EPzvjms,As 11 Leis do Universo Que Multiplicam o Seu Dinheiro Como Nunca Antes | Bob Proctor,"Eu Sou a fonte do meu VALOR, mereço Prosperar, Sou Prosperidade ❤",0,2026-10-03,eco da frase pedida
Vibração,rVd5EPzvjms,As 11 Leis do Universo Que Multiplicam o Seu Dinheiro Como Nunca Antes | Bob Proctor,Eu mereco prosperar❤😊,0,2026-10-03,eco da frase pedida
Vibração,rVd5EPzvjms,As 11 Leis do Universo Que Multiplicam o Seu Dinheiro Como Nunca Antes | Bob Proctor,Eu sou a fonte do meu valor e mereço prosperar,1,2026-10-03,eco da frase pedida
Vibração,rVd5EPzvjms,As 11 Leis do Universo Que Multiplicam o Seu Dinheiro Como Nunca Antes | Bob Proctor,Eu sou a fonte do meu valor mereço próspera,0,2026-10-03,eco da frase pedida
Vibração,rVd5EPzvjms,As 11 Leis do Universo Que Multiplicam o Seu Dinheiro Como Nunca Antes | Bob Proctor,Eu sou a Fonte do meu valor e mereco prospera,0,2026-10-04,eco da frase pedida
Vibração,rVd5EPzvjms,As 11 Leis do Universo Que Multiplicam o Seu Dinheiro Como Nunca Antes | Bob Proctor,"EU SOU A FONTE DO MEU VALOR, EU MERECO PROSPERAR.",0,2026-10-04,eco da frase pedida
Vibração,rVd5EPzvjms,As 11 Leis do Universo Que Multiplicam o Seu Dinheiro Como Nunca Antes | Bob Proctor,EU SOU A FONTE DO MEU VALOR E PRÓSPERO CADA DIA MAIS .,0,2026-10-04,eco da frase pedida
Vibração,rVd5EPzvjms,As 11 Leis do Universo Que Multiplicam o Seu Dinheiro Como Nunca Antes | Bob Proctor,Eu sou a fonte do meu valor e mereço prosperar,0,2026-10-04,eco da frase pedida
Vibração,rVd5EPzvjms,As 11 Leis do Universo Que Multiplicam o Seu Dinheiro Como Nunca Antes | Bob Proctor,Eu sou próspero,0,2026-10-04,eco da frase pedida
Vibração,rVd5EPzvjms,As 11 Leis do Universo Que Multiplicam o Seu Dinheiro Como Nunca Antes | Bob Proctor,Eu sou a fonte de dinheiro,0,2026-10-04,eco da frase pedida
Vibração,rVd5EPzvjms,As 11 Leis do Universo Que Multiplicam o Seu Dinheiro Como Nunca Antes | Bob Proctor,"Eu sou a fonte do meu valor , creio que todo dinheiro que me pertence está vindo até mim agora, hoje e sempre . Está feito , está feito, está feito",0,2026-10-04,eco da frase pedida
Vibração,rVd5EPzvjms,As 11 Leis do Universo Que Multiplicam o Seu Dinheiro Como Nunca Antes | Bob Proctor,Este é um dos vídeos mais densos em conteúdo e ensinamento que já vi. Em apenas 26 minutos entregou 11 leis universais que sustentam o mundo,0,2026-10-04,outro
Vibração,rVd5EPzvjms,As 11 Leis do Universo Que Multiplicam o Seu Dinheiro Como Nunca Antes | Bob Proctor,Eu sou a fonte do meu valor e eu mereço prosperar amém,0,2026-10-05,eco da frase pedida
Vibração,rVd5EPzvjms,As 11 Leis do Universo Que Multiplicam o Seu Dinheiro Como Nunca Antes | Bob Proctor,eu sou a fonte do meu valor,0,2026-10-05,eco da frase pedida
Vibração,rVd5EPzvjms,As 11 Leis do Universo Que Multiplicam o Seu Dinheiro Como Nunca Antes | Bob Proctor,eu sou a força do meu valor e mereço prosperar,0,2026-10-05,eco da frase pedida
Vibração,rVd5EPzvjms,As 11 Leis do Universo Que Multiplicam o Seu Dinheiro Como Nunca Antes | Bob Proctor,"Leiam o Código de Manipulação da Realidade, é a primeira coisa a se fazer se quer aprender a fazer dinheiro de verdade",104,2026-10-05,outro
Vibração,rVd5EPzvjms,As 11 Leis do Universo Que Multiplicam o Seu Dinheiro Como Nunca Antes | Bob Proctor,O eu milionário [nome] sou a própria fonte do meu valor e mereço próspera obrigado meu deus pela minha fortuna amém,0,2026-10-05,eco da frase pedida
Vibração,rVd5EPzvjms,As 11 Leis do Universo Que Multiplicam o Seu Dinheiro Como Nunca Antes | Bob Proctor,Eu sou a fonte do meu valor e mereço Prosperar! ❤,0,2026-10-05,eco da frase pedida
Vibração,rVd5EPzvjms,As 11 Leis do Universo Que Multiplicam o Seu Dinheiro Como Nunca Antes | Bob Proctor,Eu sou a fonte do meu valor e mereço prosperar,0,2026-10-05,eco da frase pedida
Vibração,rVd5EPzvjms,As 11 Leis do Universo Que Multiplicam o Seu Dinheiro Como Nunca Antes | Bob Proctor,éu sou a fonte,0,2026-10-06,outro
Vibração,rVd5EPzvjms,As 11 Leis do Universo Que Multiplicam o Seu Dinheiro Como Nunca Antes | Bob Proctor,eu a fonte do meu valor e mereço muito mas,0,2026-10-06,eco da frase pedida
Vibração,rVd5EPzvjms,As 11 Leis do Universo Que Multiplicam o Seu Dinheiro Como Nunca Antes | Bob Proctor,Eu sou a fonte do meu valor,0,2026-10-06,eco da frase pedida
Vibração,rVd5EPzvjms,As 11 Leis do Universo Que Multiplicam o Seu Dinheiro Como Nunca Antes | Bob Proctor,Eu sou a fonte do meu valor,0,2026-10-06,eco da frase pedida
Vibração,rVd5EPzvjms,As 11 Leis do Universo Que Multiplicam o Seu Dinheiro Como Nunca Antes | Bob Proctor,"Eu sou a fonte do meu valor ,.",0,2026-10-06,eco da frase pedida
Vibração,rVd5EPzvjms,As 11 Leis do Universo Que Multiplicam o Seu Dinheiro Como Nunca Antes | Bob Proctor,Eu sou a fonte do meu valor e mereço Prosperar.... Está feito! Eu sou grata!,0,2026-10-06,eco da frase pedida
Vibração,rVd5EPzvjms,As 11 Leis do Universo Que Multiplicam o Seu Dinheiro Como Nunca Antes | Bob Proctor,Eu sou a minha grenagem,0,2026-10-06,outro
Vibração,rVd5EPzvjms,As 11 Leis do Universo Que Multiplicam o Seu Dinheiro Como Nunca Antes | Bob Proctor,Eu sou fonte do meu valor Eu sou riqueza Eu sou imagem semelhança do criador,0,2026-10-06,eco da frase pedida
Vibração,rVd5EPzvjms,As 11 Leis do Universo Que Multiplicam o Seu Dinheiro Como Nunca Antes | Bob Proctor,Eu sou a fonte do meu valor!! E mereço prosperar 🙌,0,2026-10-06,eco da frase pedida
Vibração,rVd5EPzvjms,As 11 Leis do Universo Que Multiplicam o Seu Dinheiro Como Nunca Antes | Bob Proctor,Eu sou a fantebdo meu valor e mereço prosperar,0,2026-10-07,eco da frase pedida
Vibração,rVd5EPzvjms,As 11 Leis do Universo Que Multiplicam o Seu Dinheiro Como Nunca Antes | Bob Proctor,Eu sou a fonte do meu valor e mereço próspera.,0,2026-10-07,eco da frase pedida
Vibração,kje3Li2tuuQ,Como Criar Uma Frequência Tão Magnética Que Seus Desejos Corram Atrás de Você | Bob Proctor,Eu escolho me tornar compatível com o desejo!,0,2026-10-06,outro
Vibração,O7KKF4qIfFY,Como criar uma vibração tão FORTE que a realidade te OBEDECE | Bob Proctor,Eu assumo o comando da minha causa.,0,2026-10-05,eco da frase pedida
Vibração,_IO_7_m2APs,Como enganar sua mente subconsciente para conseguir tudo o que você quiser | Bob Proctor,Eu ajo agora,1,2026-10-06,outro
Vibração,_IO_7_m2APs,Como enganar sua mente subconsciente para conseguir tudo o que você quiser | Bob Proctor,Muito bom conteúdo,1,2026-10-06,outro
Vibração,_IO_7_m2APs,Como enganar sua mente subconsciente para conseguir tudo o que você quiser | Bob Proctor,"Estou tentando aprender russso. Paro, depois continuo, tá difícil, mas não desisto.",1,2026-10-06,outro
Vibração,s4vOwz7yzzk,"O Dia em Que Você Descobrir Quem É, Sua Vida Nunca Mais Será a Mesma | Bob Proctor","Eu sei quem eu sou, e assumo o controle da minha mente!",0,2026-10-02,eco da frase pedida
Vibração,s4vOwz7yzzk,"O Dia em Que Você Descobrir Quem É, Sua Vida Nunca Mais Será a Mesma | Bob Proctor",Gratidão por tudo bem 🧬🧬🧬🧬🚀🚀🚀🚀👏👏👏👏🫵,1,2026-10-03,outro
Vibração,s4vOwz7yzzk,"O Dia em Que Você Descobrir Quem É, Sua Vida Nunca Mais Será a Mesma | Bob Proctor",Eu sei quem eu sou! E assumo o comando da minha mente!,0,2026-10-04,eco da frase pedida
Vibração,s4vOwz7yzzk,"O Dia em Que Você Descobrir Quem É, Sua Vida Nunca Mais Será a Mesma | Bob Proctor","Eu sei quem eu sou, e ao Deus quem eu sirvo.",0,2026-10-04,eco da frase pedida
Vibração,s4vOwz7yzzk,"O Dia em Que Você Descobrir Quem É, Sua Vida Nunca Mais Será a Mesma | Bob Proctor",EU SEI QUEM SOU E ASSUMO O CONTROLE DA MINHA MENTE.,0,2026-10-04,eco da frase pedida
Vibração,s4vOwz7yzzk,"O Dia em Que Você Descobrir Quem É, Sua Vida Nunca Mais Será a Mesma | Bob Proctor",Eu sei quem e eu sou,0,2026-10-05,eco da frase pedida
Vibração,s4vOwz7yzzk,"O Dia em Que Você Descobrir Quem É, Sua Vida Nunca Mais Será a Mesma | Bob Proctor",Eu sei quem eu sou eassumo o controle da minha mente,0,2026-10-05,eco da frase pedida
Vibração,s4vOwz7yzzk,"O Dia em Que Você Descobrir Quem É, Sua Vida Nunca Mais Será a Mesma | Bob Proctor",Eu sei quem eu sou e assumo o comando da minha mente.,0,2026-10-05,eco da frase pedida
Vibração,s4vOwz7yzzk,"O Dia em Que Você Descobrir Quem É, Sua Vida Nunca Mais Será a Mesma | Bob Proctor",Eu sei quem eu sou,0,2026-10-06,eco da frase pedida
Vibração,s4vOwz7yzzk,"O Dia em Que Você Descobrir Quem É, Sua Vida Nunca Mais Será a Mesma | Bob Proctor","Eu sei quem eu sou , e assumo o controle da minha mente .",0,2026-10-06,eco da frase pedida
Vibração,s4vOwz7yzzk,"O Dia em Que Você Descobrir Quem É, Sua Vida Nunca Mais Será a Mesma | Bob Proctor","Eu sei quem eu sou, e assumo o controle da minha mente..❤",0,2026-10-07,eco da frase pedida
Vibração,uGDlTCAfarI,O Segredo Para Atrair Muito Dinheiro Está na Sua Frequência | Transforme Sua Vida Financeira,EU ASSUMO O CONTROLE DA MINHA MENTE SUBCONSCIENTE.ASSIM SEJA,0,2026-10-04,eco da frase pedida
Vibração,uGDlTCAfarI,O Segredo Para Atrair Muito Dinheiro Está na Sua Frequência | Transforme Sua Vida Financeira,Eu assumo o comando da minha mente 🧠🦅🐺,0,2026-10-05,eco da frase pedida
Vibração,uGDlTCAfarI,O Segredo Para Atrair Muito Dinheiro Está na Sua Frequência | Transforme Sua Vida Financeira,Eu quero quitar as dívidas,0,2026-10-06,outro
Vibração,uGDlTCAfarI,O Segredo Para Atrair Muito Dinheiro Está na Sua Frequência | Transforme Sua Vida Financeira,Eu quero tranquilidade,0,2026-10-06,outro
Vibração,-FDPDCKN2Ao,"Uma vez que você decide vibrar corretamente, a realidade é sua para sempre | Bob Proctor",Eu escolho e sustento aquilo que quero viver,0,2026-10-07,outro
Vibração,-FDPDCKN2Ao,"Uma vez que você decide vibrar corretamente, a realidade é sua para sempre | Bob Proctor",EU ESCOLHO E SUSTENTO E AQUILO QUERO VIVER.AMEM,0,2026-10-07,outro
Vibração,orh2t4pVoC4,Use o Poder da Mente e Mude Sua Vida Imediatamente | Bob Proctor,Eu assumo comado da minha mente,0,2026-10-01,eco da frase pedida
Vibração,orh2t4pVoC4,Use o Poder da Mente e Mude Sua Vida Imediatamente | Bob Proctor,Eu assumo o comando da minha mente hoje,0,2026-10-02,eco da frase pedida
Vibração,orh2t4pVoC4,Use o Poder da Mente e Mude Sua Vida Imediatamente | Bob Proctor,Eu assumo o comando da minha mente hoje,0,2026-10-02,eco da frase pedida
Vibração,orh2t4pVoC4,Use o Poder da Mente e Mude Sua Vida Imediatamente | Bob Proctor,Eu assumo o comando da minha mente 🧬🧬🚀🚀👏👏👏🫵,0,2026-10-03,eco da frase pedida
Vibração,orh2t4pVoC4,Use o Poder da Mente e Mude Sua Vida Imediatamente | Bob Proctor,Eu assumo o pôde mental,0,2026-10-04,eco da frase pedida
Vibração,orh2t4pVoC4,Use o Poder da Mente e Mude Sua Vida Imediatamente | Bob Proctor,eu assumo o comando da minha mente hoje,0,2026-10-04,eco da frase pedida
Vibração,orh2t4pVoC4,Use o Poder da Mente e Mude Sua Vida Imediatamente | Bob Proctor,Eu assumo o comando da minha mente ☀💚,0,2026-10-05,eco da frase pedida
